Timestamp,Business Name,Business Registration Number (if any),Phone Number,WhatsApp Number (if different),Email Address,Support Email (if different),Physical Address,Do you have a physical store customers can visit?,Main Tagline / Slogan,Brief Brand Description (2–3 sentences),What makes your brand unique?,Target Audience & Brand values,Product Name,Category,Sub-category,Price (₦),Stock Quantity,Product Description (2–4 sentences),Key Features,Available Sizes,Available Colors,Material / Fabric,Care Instructions,imageUrl,Colour,cloudflareImageId,Image Delivery URL,Product Name,Category,Sub-category,Price (₦),Stock Quantity,Product Description (2–4 sentences),Key Features,Available Sizes,Available Colors,Material / Fabric,Care Instructions,imageUrl,Colour,cloudflareImageId,Image Delivery URL,Product Name,Category,Sub-category,Price (₦),Stock Quantity,Product Description (2–4 sentences),Key Features,Available Sizes,Available Colors,Material / Fabric,Care Instructions,imageUrl,Colour,cloudflareImageId,Image Delivery URL,Product Name,Category,Sub-category,Price (₦),Stock Quantity,Product Description (2–4 sentences),Key Features,Available Sizes,Available Colors,Material / Fabric,Care Instructions,imageUrl1,imageUrl2,imageUrl3,imageUrl4,Colour,cloudflareImageId,Image Delivery URL,Product Name,Category,Sub-category,Price (₦),Stock Quantity,Product Description (2–4 sentences),Key Features,Available Sizes,Available Colors,Material / Fabric,Care Instructions,imageUrl,Colour,cloudflareImageId,Image Delivery URL,Product Name,Category,Sub-category,Price (₦),Stock Quantity,Product Description (2–4 sentences),Key Features,Available Sizes,Available Colors,Material / Fabric,Care Instructions,imageUrl,Colour,cloudflareImageId,Image Delivery URL,Product Name,Category,Sub-category,Price (₦),Stock Quantity,Product Description (2–4 sentences),Key Features,Available Sizes,Available Colors,Material / Fabric,Care Instructions,imageUrl1,imageUrl2,imageUrl3,imageUrl4,imageUrl5,imageUrl6,Colour,cloudflareImageId,	Image Delivery URL,Product Name,Category,Sub-category,Price (₦),Stock Quantity,Product Description (2–4 sentences),Key Features,Available Sizes,Available Colors,Material / Fabric,Care Instructions,Product Name,Category,Sub-category,Price (₦),Stock Quantity,Product Description (2–4 sentences),Key Features,Available Sizes,Available Colors,Material / Fabric,Care Instructions,imageUrl,Product Name,Category,Sub-category,Price (₦),Stock Quantity,Product Description (2–4 sentences),Key Features,Available Sizes,Available Colors,Material / Fabric,Care Instructions,imageUrl1,imageUrl2,imageUrl3,imageUrl4,imageUrl5,Colour,cloudflareImageId,Image Delivery URL,Product Name,Category,Sub-category,Price (₦),Stock Quantity,Product Description (2–4 sentences),Key Features,Available Sizes,Available Colors,Material / Fabric,Care Instructions,Colour,cloudflareImageId,Image Delivery URL,Product Name,Category,Sub-category,Price (₦),Stock Quantity,Product Description (2–4 sentences),Key Features,Available Sizes,Available Colors,Material / Fabric,Care Instructions,imageUrl1,imageUrl2,imageUrl3,imageUrl4,Colour,cloudflareImageId,Image Delivery URL,Product Name,Category,Sub-category,Price (₦),Stock Quantity,Product Description (2–4 sentences),Key Features,Available Sizes,Available Colors,Material / Fabric,Care Instructions,imageUrl,Colour, cloudflareImageId,Image Delivery URL,Product Name,Category,Sub-category,Price (₦),Stock Quantity,Product Description (2–4 sentences),Key Features,Available Sizes,Available Colors,Material / Fabric,Care Instructions,imageUrl,Colour,cloudflareImageId,Image Delivery URL,Product Name,Category,Sub-category,Price (₦),Stock Quantity,Product Description (2–4 sentences),Key Features,Available Sizes,Available Colors,Material / Fabric,Care Instructions,Colour,cloudflareImageId,Image Delivery URL,Product Name,Category,Sub-category,Price (₦),Stock Quantity,Product Description (2–4 sentences),Key Features,Available Sizes,Available Colors,Material / Fabric,Care Instructions,Colour,cloudflareImageId,Image Delivery URL,Product Name,Category,Sub-category,Price (₦),Stock Quantity,Product Description (2–4 sentences),Key Features,Available Sizes,Available Colors,Material / Fabric,Care Instructions,Do you ship nationwide?,Shipping Cost within Lagos (₦),Shipping Cost outside Lagos (₦),Do you accept returns?,Return window (days),Return conditions,Refund policy,Exchange policy,Instagram Handle,Facebook Page,TikTok Handle,Other platforms,Anything else you’d like on the website?
3/10/2026 18:19:51,TORÉA,9355424,09135828246,,Heytoreah@gmail.com,mohammedmunirat378@gmail.com,,no,Wear elite.Train hard ,Where discipline meets luxury ,Quality ,Gym rats ,Charme set,Bottoms,Tops ,"25,990",15,"Whether you’re heading to the gym, practicing yoga, running, or enjoying an active day out, this versatile set combines modern athletic style with everyday functionality.","• Seamless construction for maximum comfort
• High-stretch fabric for flexibility and movement
• Breathable and moisture-wicking material

",L,"Lavender , black, green, brown ",Spandex ,,,Lavender,b30fb0e5-3661-45a4-ab4b-06c392266d00,https://imagedelivery.net/1Zd_w7gOgRwMrhdmCCSGag/b30fb0e5-3661-45a4-ab4b-06c392266d00/public,Luxe set ,Tops,Two piece,"29,990",10,"Elevate your activewear collection with the Women’s Seamless Gym Crop Top & Leggings Set, designed to combine comfort, performance, and modern style. This sleek two-piece set features a fitted short-sleeve crop top paired with high-waisted leggings that create a flattering, sculpted silhouette.","• Seamless design for maximum comfort
• Soft, stretchable performance fabric
• High-waisted leggings for core support
• Breathable and moisture-wicking material",M,"Grey, blue ,mint green,nude, light brown ",Spandex ,,,Grey,,,Skylar set ,Bottoms,Tops ,"25,990",10,"Made from a soft, high-stretch nylon–spandex blend, the fabric moves with your body while providing excellent breathability and moisture-wicking performance to keep you cool and comfortable during workouts. The seamless construction ensures a smooth feel against the skin while reducing irritation, making it ideal for long training sessions.","• Soft, stretchable performance fabric
• High-waisted leggings for core support
• Flexible design for full range of movement
• Perfect for gym, yoga, fitness, and activewear",M,"Grey , mint green ,nude, brown , dark blue , black",Spandex ,,,Grey,72bcc59d-949f-41d6-ae54-9140ec01cb00,https://imagedelivery.net/1Zd_w7gOgRwMrhdmCCSGag/72bcc59d-949f-41d6-ae54-9140ec01cb00/public,Aero sculpt jumpsuit ,Tops,Jumpsuits ,"25,990",10,"Perfect for gym training, yoga, pilates, or athleisure wear, this jumpsuit combines performance and modern fashion to create a standout activewear essential.","• Seamless construction for smooth comfort
• High-stretch fabric for flexibility and movement
• Sculpting, body-contouring fit that enhances curves

",M,"White, light brown , mint green ,grey",Cotton ,,,,,,wine,7125198c-4318-4e81-da9a-a5b908d49100,https://imagedelivery.net/1Zd_w7gOgRwMrhdmCCSGag/7125198c-4318-4e81-da9a-a5b908d49100/public,Flexsuit,Tops,Jumpsuit,"29,990",10,"Made from a premium stretch cotton _spandex blend, the fabric is lightweight, breathable, and moisture-wicking to keep you cool and comfortable during workouts. The seamless construction reduces irritation while the open-back design adds both style and improved ventilation.","• Sculpting, body-contouring fit that enhances curves
• Breathable and moisture-wicking performance fabric
• Stylish open-back design for ventilation and style
",M,"Burgundy  , grey, black ",Cotton ,,,Burgundy,e1134212-21f5-4cbe-92ab-61b5f3ffa600,https://imagedelivery.net/1Zd_w7gOgRwMrhdmCCSGag/e1134212-21f5-4cbe-92ab-61b5f3ffa600/public,Corefit,Tops,Bottoms ,"25,990",10,"The high-waisted leggings provide gentle compression and support around the core, enhancing comfort and confidence whether you’re at the gym, practicing yoga, running, or enjoying an active day out.","• Seamless design for maximum comfort
• Soft, stretchable performance fabric
• High-waisted leggings for core support
• Breathable and moisture-wicking material",M,"Burnt orange , nude, mint green ,black ,wine ",Cotton ,,,Burnt orange,cf83fe3a-0430-43fa-02ac-8bdfd4d7b300,https://imagedelivery.net/1Zd_w7gOgRwMrhdmCCSGag/cf83fe3a-0430-43fa-02ac-8bdfd4d7b300/public,Peak fit ,Tops,Bottoms ,"25,990",8,"Designed for performance and style, the Women’s Seamless Gym Workout Set offers the perfect balance of comfort, flexibility, and support. This sleek two-piece set features a fitted camisole-style top paired with high-waisted shorts, creating a flattering and body-contouring silhouette that moves with you during every workout.","• Breathable and moisture-wicking material
• Perfect for gym workouts, yoga, fitness, and activewear
• Soft and durable performance fabric",M,"Brown , dark blue ,mint green ,nude, grey, black ",Spandex ,,,,,,,,Brown,7814a0cc-b46a-4d9f-8133-e4a099563700,https://imagedelivery.net/1Zd_w7gOgRwMrhdmCCSGag/7814a0cc-b46a-4d9f-8133-e4a099563700/public,Bum covers ,Bottoms,Shorts,"15,990",5,Stretchy ,Body hug ,,,Cotton ,,Singlets ,Tops,,"10,990",5,"Padded and stretchy 
No need for bra or inner wear due to the extra pad that comes with this fit .","Padded 
Comfortable during movement ",M,,Cotton ,,,Elevate jacket ( short hand ),Tops,Jackets ,"20,990",10,"The lightweight and breathable fabric helps regulate body temperature while keeping you comfortable during training sessions, warm-ups, or outdoor activities. 
","• Stretchable spandex fabric for maximum flexibility
• Lightweight and breathable material
• Body-contouring athletic fit
• Perfect for gym, yoga, running, and training",M,"Baby pink , light blue , grey , nude, black ",Spandex ,,,,,,,Baby pink,fc9c3d94-9d3c-4d65-4000-f6b3ad70ca00,https://imagedelivery.net/1Zd_w7gOgRwMrhdmCCSGag/fc9c3d94-9d3c-4d65-4000-f6b3ad70ca00/public,Elevate jacket ( long hands ),Tops,Jacket ,"23,990",5,"
The lightweight and breathable fabric helps regulate body temperature while keeping you comfortable during training sessions, warm-ups, or outdoor activities. Its flexible design allows a full range of motion, making it ideal for gym workouts, running, yoga, or everyday active wear.
","• Stretchable spandex fabric for maximum flexibility
• Lightweight and breathable material
• Perfect for gym, yoga, running, and training",L,"Wine , grey, baby pink , black ",Spandex ,,wine,b651c23c-576d-4e27-1ffc-d544d6d33900,https://imagedelivery.net/1Zd_w7gOgRwMrhdmCCSGag/b651c23c-576d-4e27-1ffc-d544d6d33900/public,Vortex compression ,Tops,Tops ,"25,990",10,"
Designed for performance and comfort, the Men’s Seamless Compression Training Shirt provides a supportive, second-skin fit that enhances your workout


","• Seamless Design – Reduces chafing and irritation for maximum comfort during workouts.
• Compression Support – Provides a snug fit that supports muscles and enhances performance.
",M,"White, black , light sage, green, grey ",Spandex ,,,,,,white,6fecc7df-fb9a-4724-8d56-9c79b28b0000,https://imagedelivery.net/1Zd_w7gOgRwMrhdmCCSGag/6fecc7df-fb9a-4724-8d56-9c79b28b0000/public,Quarter zip compression training top ,Tops,Tops ,"25,990",5,"Push your limits in style and comfort with the Men’s Quarter-Zip Compression Training Top. Designed for athletes and fitness enthusiasts, this performance top delivers a sleek, body-contouring fit that supports your muscles during intense workouts while maintaining maximum flexibility.

Crafted from a high-stretch polyester–spandex blend, the fabric moves with your body while effectively wicking away sweat to keep you cool and dry. The lightweight material provides breathable comfort, making it perfect for gym training, running, outdoor workouts, or everyday active wear.","        •  Quarter-Zip Collar – Adjustable ventilation and easy to put on or remove.
        •  Compression Fit – Supports muscles and enhances performance during workouts.
        •  Stretch Performance Fabric – Flexible material allows full range of motion.
        •  Moisture-Wicking Technology – Helps keep you dry by pulling sweat away from the skin.
 ",XL,"Burgundy, dark blue ",Polyester/spandex blend ,,,Burgundy,b9dc3f08-ede7-461a-763d-2e26a8c98300,https://imagedelivery.net/1Zd_w7gOgRwMrhdmCCSGag/b9dc3f08-ede7-461a-763d-2e26a8c98300/public,Men’s streetwear track pants ,Bottoms,Bottoms ,"25,990",8,"Crafted from lightweight, durable fabric, they provide all-day comfort while allowing easy movement whether you’re training, running errands, or styling a casual streetwear look. The clean piping details and bold color give the pants a modern athletic edge that pairs effortlessly with hoodies, sneakers, or training tops.","• Relaxed athletic fit for comfort and mobility
• Lightweight and breathable fabric
",XL,"Burgundy , black, grey ",Polyester blend ,,,Burgundy,3bc7bce1-c99d-4b1b-7287-5b1322be1200,https://imagedelivery.net/1Zd_w7gOgRwMrhdmCCSGag/3bc7bce1-c99d-4b1b-7287-5b1322be1200/public,Basic cotton tops ,Tops,Tops ,"20,990",5,"The Cotton Basic Top is a timeless essential designed for everyday comfort and effortless style. Made from soft, breathable cotton fabric, this top offers a lightweight feel that keeps you comfortable throughout the day.","Material: 100% Cotton
Fit: Regular / Comfortable fit
Sleeve: Short sleeve
Neckline: Classic crew neck",XL,"White and black , grey and black ",Cotton ,,white and black,fd7d9c84-cc45-4ddd-d6b3-20fa4e2e7200,https://imagedelivery.net/1Zd_w7gOgRwMrhdmCCSGag/fd7d9c84-cc45-4ddd-d6b3-20fa4e2e7200/public,Gym shorts ,Bottoms,Bottoms ,"15,990",10,"Train harder and move freely with the Men’s Performance Gym Shorts, designed for comfort, flexibility, and durability during intense workouts. Made from lightweight, breathable fabric, these shorts help keep you cool and comfortable whether you’re lifting, running, or training.
With a modern athletic design and practical side pockets, these gym shorts are perfect for workouts, sports activities, or casual everyday wear.","• Lightweight and breathable fabric
• Moisture-wicking and quick-dry material
• Flexible design for full range of motion
",XL,"Black , light sage, green, grey ",Polyester / spandex blend ,,Black,8e80ccc0-781c-4dec-6ec8-12b67045f100,https://imagedelivery.net/1Zd_w7gOgRwMrhdmCCSGag/8e80ccc0-781c-4dec-6ec8-12b67045f100/public,,,,,,,,,,,,Yes,Mainland : 3000….. island : 3000 … outskirts of Lagos : 5000,5000,Yes,24hrs ,If wears issue is from the brand ,If there’s no replacement for same fit ordered ,Must be returned in the same shape it was delivered ,Heytoreah ,,Heytoreah,WhatsApp 09135828246,
,,,,,,,,,,,,,,,,,,,,,,,,,black,4151562e-7fcf-4a58-9b42-efce5bdaf600,https://imagedelivery.net/1Zd_w7gOgRwMrhdmCCSGag/4151562e-7fcf-4a58-9b42-efce5bdaf600/public,,,,,,,,,,,,,blue,f7267bf7-bedb-445a-15d5-d202151c6100,https://imagedelivery.net/1Zd_w7gOgRwMrhdmCCSGag/f7267bf7-bedb-445a-15d5-d202151c6100/public,,,,,,,,,,,,,Mint green,9dd31f4f-278f-4869-b2d0-d1a0eda63000,https://imagedelivery.net/1Zd_w7gOgRwMrhdmCCSGag/9dd31f4f-278f-4869-b2d0-d1a0eda63000/public,,,,,,,,,,,,,,,,Light brown,87104fbd-6be4-4aa2-e4f3-3f6b38d00300,https://imagedelivery.net/1Zd_w7gOgRwMrhdmCCSGag/87104fbd-6be4-4aa2-e4f3-3f6b38d00300/public,,,,,,,,,,,,,grey,d1ea5d85-01f1-40f1-bd5a-e3540b2fcd00,https://imagedelivery.net/1Zd_w7gOgRwMrhdmCCSGag/d1ea5d85-01f1-40f1-bd5a-e3540b2fcd00/public,,,,,,,,,,,,,nude,5117d0b0-25d0-4eb8-3a41-7713f43e1000,https://imagedelivery.net/1Zd_w7gOgRwMrhdmCCSGag/5117d0b0-25d0-4eb8-3a41-7713f43e1000/public,,,,,,,,,,,,,,,,,,dark blue,ff48fcc7-ff21-4bda-35ed-d66ee1a60600,https://imagedelivery.net/1Zd_w7gOgRwMrhdmCCSGag/ff48fcc7-ff21-4bda-35ed-d66ee1a60600/public,,,,,,,,,,,,,,,,,,,,,,,,,,,,,,,,,,,,,,,,light blue,d3f620e4-ce08-4aff-ee98-057b13bdb400,https://imagedelivery.net/1Zd_w7gOgRwMrhdmCCSGag/d3f620e4-ce08-4aff-ee98-057b13bdb400/public,,,,,,,,,,,,black,f3dddd8d-861e-4fc7-294b-d36a2530b200,https://imagedelivery.net/1Zd_w7gOgRwMrhdmCCSGag/f3dddd8d-861e-4fc7-294b-d36a2530b200/public,,,,,,,,,,,,,,,,black,3c4083f0-bdf9-4e25-d3fc-43ea109de500,https://imagedelivery.net/1Zd_w7gOgRwMrhdmCCSGag/3c4083f0-bdf9-4e25-d3fc-43ea109de500/public,,,,,,,,,,,,,dark blue,8fd72ce0-924e-40f8-1e06-0df63ea3d300,https://imagedelivery.net/1Zd_w7gOgRwMrhdmCCSGag/8fd72ce0-924e-40f8-1e06-0df63ea3d300/public,,,,,,,,,,,,,grey,d7316ec0-db2a-4635-095d-669270bd2a00,https://imagedelivery.net/1Zd_w7gOgRwMrhdmCCSGag/d7316ec0-db2a-4635-095d-669270bd2a00/public,,,,,,,,,,,,grey and black,98096a88-d081-4d4a-fc6d-07cef0f07b00,https://imagedelivery.net/1Zd_w7gOgRwMrhdmCCSGag/98096a88-d081-4d4a-fc6d-07cef0f07b00/public,,,,,,,,,,,,light sage,85f2e46c-a7f3-4fff-3f9c-6ee9ca864d00,https://imagedelivery.net/1Zd_w7gOgRwMrhdmCCSGag/85f2e46c-a7f3-4fff-3f9c-6ee9ca864d00/public,,,,,,,,,,,,,,,,,,,,,,,,
,,,,,,,,,,,,,,,,,,,,,,,,,green,b762e7c7-2672-4a85-445b-91266b1f3200,https://imagedelivery.net/1Zd_w7gOgRwMrhdmCCSGag/b762e7c7-2672-4a85-445b-91266b1f3200/public,,,,,,,,,,,,,mint green,5b95651e-9a5c-48f3-4ec7-74e773438200,https://imagedelivery.net/1Zd_w7gOgRwMrhdmCCSGag/5b95651e-9a5c-48f3-4ec7-74e773438200/public,,,,,,,,,,,,,nude,0e5081ca-5014-48e9-e6d6-86553dc8c400,https://imagedelivery.net/1Zd_w7gOgRwMrhdmCCSGag/0e5081ca-5014-48e9-e6d6-86553dc8c400/public,,,,,,,,,,,,,,,,mint green,0a96a506-553f-4a7d-a6ee-c4561a226500,https://imagedelivery.net/1Zd_w7gOgRwMrhdmCCSGag/0a96a506-553f-4a7d-a6ee-c4561a226500/public,,,,,,,,,,,,,black,30d3f717-fdb6-4ec4-c351-97ece2fe6200,https://imagedelivery.net/1Zd_w7gOgRwMrhdmCCSGag/30d3f717-fdb6-4ec4-c351-97ece2fe6200/public,,,,,,,,,,,,,mint green,d0be00cd-f49c-4e1d-a386-0c142389ef00,https://imagedelivery.net/1Zd_w7gOgRwMrhdmCCSGag/d0be00cd-f49c-4e1d-a386-0c142389ef00/public,,,,,,,,,,,,,,,,,,mint green,e7447ddc-27ea-43e3-09e5-2a4bcaa4ed00,https://imagedelivery.net/1Zd_w7gOgRwMrhdmCCSGag/e7447ddc-27ea-43e3-09e5-2a4bcaa4ed00/public,,,,,,,,,,,,,,,,,,,,,,,,,,,,,,,,,,,,,,,,grey,0190a975-07f4-4a64-1553-92b4ed873400,https://imagedelivery.net/1Zd_w7gOgRwMrhdmCCSGag/0190a975-07f4-4a64-1553-92b4ed873400/public,,,,,,,,,,,,Baby pink,9887e6d5-cf89-470b-68a7-678b91fc8100,https://imagedelivery.net/1Zd_w7gOgRwMrhdmCCSGag/9887e6d5-cf89-470b-68a7-678b91fc8100/public,,,,,,,,,,,,,,,, light sage,,,,,,,,,,,,,,,,,,,,,,,,,,,,,,black,ee625527-ad96-4285-e8ad-de4e741ce700,https://imagedelivery.net/1Zd_w7gOgRwMrhdmCCSGag/ee625527-ad96-4285-e8ad-de4e741ce700/public,,,,,,,,,,,,,,,,,,,,,,,,,,green,04f13fdb-9de5-4087-b8a0-991cc0e5b100,https://imagedelivery.net/1Zd_w7gOgRwMrhdmCCSGag/04f13fdb-9de5-4087-b8a0-991cc0e5b100/public,,,,,,,,,,,,,,,,,,,,,,,,
,,,,,,,,,,,,,,,,,,,,,,,,,brown,c5b3f67c-1238-434d-eb9b-46cacc573700,https://imagedelivery.net/1Zd_w7gOgRwMrhdmCCSGag/c5b3f67c-1238-434d-eb9b-46cacc573700/public,,,,,,,,,,,,,nude,920863cf-ce75-496b-4127-a14de8e70100,https://imagedelivery.net/1Zd_w7gOgRwMrhdmCCSGag/920863cf-ce75-496b-4127-a14de8e70100/public,,,,,,,,,,,,,brown,a0986c74-ecea-449a-264b-c5ca0f922a00,https://imagedelivery.net/1Zd_w7gOgRwMrhdmCCSGag/a0986c74-ecea-449a-264b-c5ca0f922a00/public,,,,,,,,,,,,,,,,grey,78cda6d5-47c2-477f-7af5-f3d63a7c0200,https://imagedelivery.net/1Zd_w7gOgRwMrhdmCCSGag/78cda6d5-47c2-477f-7af5-f3d63a7c0200/public,,,,,,,,,,,,,,,,,,,,,,,,,,,,black ,d6953055-a43a-4d63-9227-3bbd7df41a00,https://imagedelivery.net/1Zd_w7gOgRwMrhdmCCSGag/d6953055-a43a-4d63-9227-3bbd7df41a00/public,,,,,,,,,,,,,,,,,,nude,b0696b1f-741c-4358-32cc-7e1846a61100,https://imagedelivery.net/1Zd_w7gOgRwMrhdmCCSGag/b0696b1f-741c-4358-32cc-7e1846a61100/public,,,,,,,,,,,,,,,,,,,,,,,,,,,,,,,,,,,,,,,,nude,72d371d7-beba-47a4-ae1b-2c0b4cb2dd00,https://imagedelivery.net/1Zd_w7gOgRwMrhdmCCSGag/72d371d7-beba-47a4-ae1b-2c0b4cb2dd00/public,,,,,,,,,,,,grey,fa327bae-80cc-4e6a-3237-b0d4a1548400,https://imagedelivery.net/1Zd_w7gOgRwMrhdmCCSGag/fa327bae-80cc-4e6a-3237-b0d4a1548400/public,,,,,,,,,,,,,,,,green,3c4083f0-bdf9-4e25-d3fc-43ea109de500,https://imagedelivery.net/1Zd_w7gOgRwMrhdmCCSGag/6a90ba0a-6733-4297-78e8-63d30e40b400/public,,,,,,,,,,,,,,,,,,,,,,,,,,,,,,,,,,,,,,,,,,,,,,,,,,,,,,,,grey,5056c15f-e508-47f4-e8c5-1aff1e45c900,https://imagedelivery.net/1Zd_w7gOgRwMrhdmCCSGag/5056c15f-e508-47f4-e8c5-1aff1e45c900/public,,,,,,,,,,,,,,,,,,,,,,,,
,,,,,,,,,,,,,,,,,,,,,,,,,,,,,,,,,,,,,,,,light brown,7e900bd4-940f-45d0-5382-483489375900,https://imagedelivery.net/1Zd_w7gOgRwMrhdmCCSGag/7e900bd4-940f-45d0-5382-483489375900/public,,,,,,,,,,,,,dark blue,3c5d1758-e62b-4bd7-8c2c-3de4825b8100,https://imagedelivery.net/1Zd_w7gOgRwMrhdmCCSGag/3c5d1758-e62b-4bd7-8c2c-3de4825b8100/public,,,,,,,,,,,,,,,,,,,,,,,,,,,,,,,,,,,,,,,,,,,,,,wine,,,,,,,,,,,,,,,,,,,,grey,d06e69cd-7966-44d3-6dfd-26f46fc45800,https://imagedelivery.net/1Zd_w7gOgRwMrhdmCCSGag/d06e69cd-7966-44d3-6dfd-26f46fc45800/public,,,,,,,,,,,,,,,,,,,,,,,,,,,,,,,,,,,,,,,,black,98a9cf5e-4e64-4b9a-c04b-23b6154f0400,https://imagedelivery.net/1Zd_w7gOgRwMrhdmCCSGag/98a9cf5e-4e64-4b9a-c04b-23b6154f0400/public,,,,,,,,,,,,,,,,,,,,,,,,,,,,,,grey,4cc4ce98-9b18-46f7-933c-7de3f477d600,https://imagedelivery.net/1Zd_w7gOgRwMrhdmCCSGag/4cc4ce98-9b18-46f7-933c-7de3f477d600/public,,,,,,,,,,,,,,,,,,,,,,,,,,,,,,,,,,,,,,,,,,,,,,,,,,,,,,,,,,,,,,,,,,,,,,,,,,,,,,,,,,
,,,,,,,,,,,,,,,,,,,,,,,,,,,,,,,,,,,,,,,,,,,,,,,,,,,,,,,black,bc1d8444-e1fc-4792-198e-4bb11ccd3300,https://imagedelivery.net/1Zd_w7gOgRwMrhdmCCSGag/bc1d8444-e1fc-4792-198e-4bb11ccd3300/public,,,,,,,,,,,,,,,,,,,,,,,,,,,,,,,,,,,,,,,,,,,,,,,,,,,,,,,,,,,,,,,,,,black,89d1c215-e733-47a6-b9b1-07da844cc000,https://imagedelivery.net/1Zd_w7gOgRwMrhdmCCSGag/89d1c215-e733-47a6-b9b1-07da844cc000/public,,,,,,,,,,,,,,,,,,,,,,,,,,,,,,,,,,,,,,,,,,,,,,,,,,,,,,,,,,,,,,,,,,,,,,,,,,,,,,,,,,,,,,,,,,,,,,,,,,,,,,,,,,,,,,,,,,,,,,,,,,,,,,,,,,,,,,,,,,,,,,,,,,,,,,,,,,,,